ID,username,email,password,profile-image,payment_status,payment_exprie_date,payment_gateway,paypal_recurring_profile_id,package_id,stripe_cust_id,stripe_subscrip_id,facebook,linkedin,twitter,instagram,pinterest,youtube,first_name,last_name,phone,address,city,zipcode,country,job_title,gender,occupation,description,web_site
,test1,test1@test1.com,testpass,https://expertphotography.b-cdn.net/wp-content/uploads/2020/08/social-media-profile-photos-3.jpg,success,10-12-2022,paypal-express,5345,2,,,https://facebook.com//,https://linkedin.com/,https://facebook.com/,https://instagram.com/,https://pinterest.com/,https://youtube.com/,Jhon,Smith,543434,501 booker street ,New York,10001,USD,Designer,Male,Software developer,"Lorem Ipsum is simply dummy text of the printing and typesetting industry. Lorem Ipsum has been the industry's standard dummy text ever since the 1500s, when an unknown printer took a galley of type and scrambled it to make",www.google.com
,test2,test2@test2.com,testpass,http://lavinephotography.com.au/wp-content/uploads/2017/01/PROFILE-Photography-112.jpg,,,stripe,,,,,https://facebook.com//,https://linkedin.com/,https://facebook.com/,https://instagram.com/,https://pinterest.com/,https://youtube.com/,Abigail,Acotanza ,543434,502 booker street,New York,10001,USD,Designer,Female,Software developer,"Lorem Ipsum is simply dummy text of the printing and typesetting industry. Lorem Ipsum has been the industry's standard dummy text ever since the 1500s, when an unknown printer took a galley of type and scrambled it to make",www.google.com
,test3,test3@test3.com,testpass,https://expertphotography.b-cdn.net/wp-content/uploads/2020/08/social-media-profile-photos-3.jpg,,,,,,,,https://facebook.com//,https://linkedin.com/,https://facebook.com/,https://instagram.com/,https://pinterest.com/,https://youtube.com/,Bella,Belizaire,543434,503 booker street,New York,10001,USD,Designer,Male,Software developer,"Lorem Ipsum is simply dummy text of the printing and typesetting industry. Lorem Ipsum has been the industry's standard dummy text ever since the 1500s, when an unknown printer took a galley of type and scrambled it to make",www.google.com
,test4,test4@test4.com,testpass,https://expertphotography.b-cdn.net/wp-content/uploads/2020/08/social-media-profile-photos-3.jpg,,,,,,,,https://facebook.com//,https://linkedin.com/,https://facebook.com/,https://instagram.com/,https://pinterest.com/,https://youtube.com/,Dorothy,Cedrone,543434,504 booker street,New York,10001,USD,Designer,Female,Software developer,"Lorem Ipsum is simply dummy text of the printing and typesetting industry. Lorem Ipsum has been the industry's standard dummy text ever since the 1500s, when an unknown printer took a galley of type and scrambled it to make",www.google.com
,test5,test5@test1.com,testpass,,,,,,,,,,,,,,,,,,,,,,,,,,