{
    "version": "0.4",
    "title": "404 Page",
    "type": "section",
    "metadata": {
        "template_type": "single-404",
        "include_in_zip": "1",
        "elementor_pro_required": null,
        "wp_page_template": "elementor_header_footer"
    },
    "content": [
        {
            "id": "5abd3d70",
            "settings": {
                "content_width": {
                    "unit": "px",
                    "size": 1200,
                    "sizes": []
                },
                "height": "full",
                "background_background": "classic",
                "background_image": {
                    "url": "http:\/\/askproject.net\/foices\/wp-content\/uploads\/sites\/91\/2022\/07\/empty-space-with-podcast-equipment-to-record-talki-QN4H4JM.jpg",
                    "id": 528,
                    "alt": "",
                    "source": "library"
                },
                "background_position": "center center",
                "background_size": "cover",
                "background_overlay_background": "classic",
                "background_overlay_opacity": {
                    "unit": "px",
                    "size": 0.7,
                    "sizes": []
                },
                "padding": {
                    "unit": "px",
                    "top": "50",
                    "right": "0",
                    "bottom": "0",
                    "left": "0",
                    "isLinked": false
                },
                "padding_tablet": {
                    "unit": "px",
                    "top": "50",
                    "right": "30",
                    "bottom": "0",
                    "left": "30",
                    "isLinked": false
                },
                "padding_mobile": {
                    "unit": "px",
                    "top": "180",
                    "right": "20",
                    "bottom": "150",
                    "left": "20",
                    "isLinked": false
                },
                "__globals__": {
                    "background_overlay_color": "globals\/colors?id=primary"
                }
            },
            "elements": [
                {
                    "id": "47f75623",
                    "settings": {
                        "_column_size": 100,
                        "_inline_size": null,
                        "padding": {
                            "unit": "px",
                            "top": "0",
                            "right": "0",
                            "bottom": "0",
                            "left": "0",
                            "isLinked": false
                        }
                    },
                    "elements": [
                        {
                            "id": "7c5ee433",
                            "settings": {
                                "editor": "<p>Error Page<\/p>",
                                "__globals__": {
                                    "text_color": "",
                                    "typography_typography": "globals\/typography?id=165ba3d"
                                },
                                "_margin": {
                                    "unit": "px",
                                    "top": "-6",
                                    "right": "0",
                                    "bottom": "-10",
                                    "left": "0",
                                    "isLinked": false
                                },
                                "_animation": "fadeIn",
                                "align": "center",
                                "_margin_tablet": {
                                    "unit": "px",
                                    "top": "-6",
                                    "right": "0",
                                    "bottom": "-15",
                                    "left": "0",
                                    "isLinked": false
                                },
                                "text_color": "#526DFC"
                            },
                            "elements": [],
                            "isInner": false,
                            "widgetType": "text-editor",
                            "elType": "widget"
                        },
                        {
                            "id": "7667ca89",
                            "settings": {
                                "image": {
                                    "url": "http:\/\/askproject.net\/foices\/wp-content\/uploads\/sites\/91\/2022\/07\/404_Asset-4.png",
                                    "id": 529,
                                    "alt": "",
                                    "source": "library"
                                },
                                "width": {
                                    "unit": "%",
                                    "size": 30,
                                    "sizes": []
                                },
                                "width_tablet": {
                                    "unit": "%",
                                    "size": 40,
                                    "sizes": []
                                },
                                "width_mobile": {
                                    "unit": "%",
                                    "size": 85,
                                    "sizes": []
                                },
                                "opacity": {
                                    "unit": "px",
                                    "size": 0.5,
                                    "sizes": []
                                },
                                "_animation": "fadeIn",
                                "_animation_delay": 200
                            },
                            "elements": [],
                            "isInner": false,
                            "widgetType": "image",
                            "elType": "widget"
                        },
                        {
                            "id": "36b2920d",
                            "settings": {
                                "title": "Oops, page not found!",
                                "__globals__": {
                                    "title_color": "",
                                    "typography_typography": "globals\/typography?id=secondary"
                                },
                                "_margin_tablet": {
                                    "unit": "px",
                                    "top": "0",
                                    "right": "0",
                                    "bottom": "0",
                                    "left": "0",
                                    "isLinked": false
                                },
                                "_margin_mobile": {
                                    "unit": "px",
                                    "top": "0",
                                    "right": "0",
                                    "bottom": "0",
                                    "left": "0",
                                    "isLinked": false
                                },
                                "_animation": "fadeIn",
                                "_animation_delay": 400,
                                "align": "center",
                                "_margin": {
                                    "unit": "px",
                                    "top": "0",
                                    "right": "250",
                                    "bottom": "0",
                                    "left": "250",
                                    "isLinked": false
                                },
                                "title_color": "#FFFFFF"
                            },
                            "elements": [],
                            "isInner": false,
                            "widgetType": "heading",
                            "elType": "widget"
                        },
                        {
                            "id": "2d30c9e4",
                            "settings": {
                                "align": "center",
                                "_margin": {
                                    "unit": "px",
                                    "top": "0",
                                    "right": "300",
                                    "bottom": "0",
                                    "left": "300",
                                    "isLinked": false
                                },
                                "_margin_tablet": {
                                    "unit": "px",
                                    "top": "0",
                                    "right": "70",
                                    "bottom": "0",
                                    "left": "70",
                                    "isLinked": false
                                },
                                "_margin_mobile": {
                                    "unit": "px",
                                    "top": "0",
                                    "right": "0",
                                    "bottom": "0",
                                    "left": "0",
                                    "isLinked": false
                                },
                                "__globals__": {
                                    "typography_typography": "globals\/typography?id=text"
                                },
                                "editor": "<p>Lorem ipsum dolor sit amet, consectetur adipiscing elit. Ut elit tellus, luctus nec ullamcorper mattis, pulvinar dapibus.<\/p>",
                                "_animation": "fadeIn",
                                "_animation_delay": 600,
                                "text_color": "#CCCCCC"
                            },
                            "elements": [],
                            "isInner": false,
                            "widgetType": "text-editor",
                            "elType": "widget"
                        },
                        {
                            "id": "5cbbc0b0",
                            "settings": {
                                "text": "Back to Homepage",
                                "align": "center",
                                "icon_indent": {
                                    "unit": "px",
                                    "size": 10,
                                    "sizes": []
                                },
                                "button_text_color": "#FFFFFF",
                                "background_color": "#3A51CA",
                                "button_background_hover_color": "#141414",
                                "border_border": "solid",
                                "border_width": {
                                    "unit": "px",
                                    "top": "0",
                                    "right": "0",
                                    "bottom": "0",
                                    "left": "0",
                                    "isLinked": true
                                },
                                "border_color": "#FFFFFF",
                                "border_radius": {
                                    "unit": "px",
                                    "top": "0",
                                    "right": "0",
                                    "bottom": "0",
                                    "left": "0",
                                    "isLinked": false
                                },
                                "text_padding": {
                                    "unit": "px",
                                    "top": "15",
                                    "right": "30",
                                    "bottom": "15",
                                    "left": "30",
                                    "isLinked": false
                                },
                                "_padding_tablet": {
                                    "unit": "px",
                                    "top": "0",
                                    "right": "0",
                                    "bottom": "0",
                                    "left": "0",
                                    "isLinked": false
                                },
                                "__globals__": {
                                    "typography_typography": "globals\/typography?id=accent",
                                    "hover_color": "globals\/colors?id=accent",
                                    "button_text_color": "",
                                    "background_color": "globals\/colors?id=accent",
                                    "button_background_hover_color": "globals\/colors?id=secondary",
                                    "border_color": "",
                                    "button_hover_border_color": ""
                                },
                                "_animation": "fadeIn",
                                "_animation_delay": 800,
                                "align_mobile": "center",
                                "selected_icon": {
                                    "value": "icon icon-right-arrow",
                                    "library": "ekiticons"
                                },
                                "icon_align": "right"
                            },
                            "elements": [],
                            "isInner": false,
                            "widgetType": "button",
                            "elType": "widget"
                        }
                    ],
                    "isInner": false,
                    "elType": "column"
                }
            ],
            "isInner": false,
            "elType": "section"
        }
    ],
    "page_settings": {
        "hide_title": "yes",
        "template": "elementor_header_footer"
    }
}