{
    "version": "0.4",
    "title": "Service Detail",
    "type": "page",
    "metadata": {
        "template_type": "single-page",
        "include_in_zip": "1",
        "elementor_pro_required": null,
        "wp_page_template": "elementor_header_footer"
    },
    "content": [
        {
            "id": "3c2db0d0",
            "settings": {
                "content_width": {
                    "unit": "px",
                    "size": 1200,
                    "sizes": []
                },
                "height": "min-height",
                "custom_height": {
                    "unit": "vh",
                    "size": 40,
                    "sizes": []
                },
                "custom_height_tablet": {
                    "unit": "vh",
                    "size": 35,
                    "sizes": []
                },
                "custom_height_mobile": {
                    "unit": "vh",
                    "size": 32,
                    "sizes": []
                },
                "background_background": "classic",
                "background_image": {
                    "url": "http:\/\/askproject.net\/foices\/wp-content\/uploads\/sites\/91\/2022\/07\/singing-X3ZKJSR.jpg",
                    "id": 376,
                    "alt": "",
                    "source": "library"
                },
                "background_position": "center center",
                "background_size": "cover",
                "background_overlay_background": "classic",
                "background_overlay_opacity": {
                    "unit": "px",
                    "size": 0.6,
                    "sizes": []
                },
                "padding": {
                    "unit": "px",
                    "top": "70",
                    "right": "0",
                    "bottom": "0",
                    "left": "0",
                    "isLinked": false
                },
                "padding_tablet": {
                    "unit": "px",
                    "top": "50",
                    "right": "30",
                    "bottom": "0",
                    "left": "30",
                    "isLinked": false
                },
                "padding_mobile": {
                    "unit": "px",
                    "top": "40",
                    "right": "20",
                    "bottom": "0",
                    "left": "20",
                    "isLinked": false
                },
                "__globals__": {
                    "background_overlay_color": "globals\/colors?id=primary"
                }
            },
            "elements": [
                {
                    "id": "4c880b23",
                    "settings": {
                        "_column_size": 100,
                        "_inline_size": null,
                        "padding": {
                            "unit": "px",
                            "top": "0",
                            "right": "0",
                            "bottom": "0",
                            "left": "0",
                            "isLinked": false
                        }
                    },
                    "elements": [
                        {
                            "id": "58565ebe",
                            "settings": {
                                "title": "Service Details",
                                "align": "center",
                                "title_color": "#FFFFFF",
                                "_margin": {
                                    "unit": "px",
                                    "top": "0",
                                    "right": "0",
                                    "bottom": "-5",
                                    "left": "0",
                                    "isLinked": false
                                },
                                "_animation": "fadeIn",
                                "__globals__": {
                                    "typography_typography": "globals\/typography?id=secondary"
                                }
                            },
                            "elements": [],
                            "isInner": false,
                            "widgetType": "heading",
                            "elType": "widget"
                        },
                        {
                            "id": "4446b49b",
                            "settings": {
                                "view": "inline",
                                "icon_list": [
                                    {
                                        "text": "Home",
                                        "selected_icon": {
                                            "value": "",
                                            "library": ""
                                        },
                                        "_id": "4a26407",
                                        "link": {
                                            "url": "#",
                                            "is_external": "",
                                            "nofollow": "",
                                            "custom_attributes": ""
                                        }
                                    },
                                    {
                                        "text": "Service",
                                        "selected_icon": {
                                            "value": "icon icon-right-arrow",
                                            "library": "ekiticons"
                                        },
                                        "_id": "31b1851"
                                    }
                                ],
                                "space_between": {
                                    "unit": "px",
                                    "size": 15,
                                    "sizes": []
                                },
                                "icon_align": "center",
                                "icon_color": "#5E75F0",
                                "text_indent": {
                                    "unit": "px",
                                    "size": 15,
                                    "sizes": []
                                },
                                "_margin": {
                                    "unit": "px",
                                    "top": "0",
                                    "right": "0",
                                    "bottom": "0",
                                    "left": "-15",
                                    "isLinked": false
                                },
                                "_animation": "fadeIn",
                                "_animation_delay": 200,
                                "__globals__": {
                                    "icon_typography_typography": "globals\/typography?id=6aaa7b7",
                                    "icon_color": ""
                                }
                            },
                            "elements": [],
                            "isInner": false,
                            "widgetType": "icon-list",
                            "elType": "widget"
                        }
                    ],
                    "isInner": false,
                    "elType": "column"
                }
            ],
            "isInner": false,
            "elType": "section"
        },
        {
            "id": "3012422b",
            "settings": {
                "content_width": {
                    "unit": "px",
                    "size": 1200,
                    "sizes": []
                },
                "structure": "20",
                "padding": {
                    "unit": "px",
                    "top": "100",
                    "right": "0",
                    "bottom": "100",
                    "left": "0",
                    "isLinked": false
                },
                "padding_tablet": {
                    "unit": "px",
                    "top": "70",
                    "right": "30",
                    "bottom": "70",
                    "left": "30",
                    "isLinked": false
                },
                "padding_mobile": {
                    "unit": "px",
                    "top": "60",
                    "right": "20",
                    "bottom": "60",
                    "left": "20",
                    "isLinked": false
                }
            },
            "elements": [
                {
                    "id": "b98d136",
                    "settings": {
                        "_column_size": 50,
                        "_inline_size": 70,
                        "padding": {
                            "unit": "px",
                            "top": "0",
                            "right": "30",
                            "bottom": "0",
                            "left": "0",
                            "isLinked": false
                        },
                        "_inline_size_tablet": 100,
                        "padding_tablet": {
                            "unit": "px",
                            "top": "0",
                            "right": "0",
                            "bottom": "70",
                            "left": "0",
                            "isLinked": false
                        },
                        "padding_mobile": {
                            "unit": "px",
                            "top": "0",
                            "right": "0",
                            "bottom": "50",
                            "left": "0",
                            "isLinked": false
                        }
                    },
                    "elements": [
                        {
                            "id": "527254b",
                            "settings": {
                                "editor": "<p>Our Service<\/p>",
                                "align": "left",
                                "_margin": {
                                    "unit": "px",
                                    "top": "0",
                                    "right": "0",
                                    "bottom": "-15",
                                    "left": "0",
                                    "isLinked": false
                                },
                                "__globals__": {
                                    "typography_typography": "globals\/typography?id=165ba3d",
                                    "text_color": "globals\/colors?id=accent"
                                },
                                "align_mobile": "left"
                            },
                            "elements": [],
                            "isInner": false,
                            "widgetType": "text-editor",
                            "elType": "widget"
                        },
                        {
                            "id": "2de513b7",
                            "settings": {
                                "title": "Voice Over Service",
                                "align": "left",
                                "__globals__": {
                                    "typography_typography": "globals\/typography?id=secondary",
                                    "title_color": "globals\/colors?id=primary"
                                },
                                "align_mobile": "left",
                                "_margin": {
                                    "unit": "px",
                                    "top": "0",
                                    "right": "0",
                                    "bottom": "0",
                                    "left": "0",
                                    "isLinked": false
                                },
                                "_margin_tablet": {
                                    "unit": "px",
                                    "top": "0",
                                    "right": "0",
                                    "bottom": "0",
                                    "left": "0",
                                    "isLinked": false
                                },
                                "_margin_mobile": {
                                    "unit": "px",
                                    "top": "0",
                                    "right": "0",
                                    "bottom": "0",
                                    "left": "0",
                                    "isLinked": false
                                },
                                "_animation_delay": 200
                            },
                            "elements": [],
                            "isInner": false,
                            "widgetType": "heading",
                            "elType": "widget"
                        },
                        {
                            "id": "ec81400",
                            "settings": {
                                "editor": "<p>\"Lorem ipsum dolor sit amet, consectetur adipiscing elit. Nullam viverra eget massa ut mattis. Sed eget molestie lacus. Vivamus vulputate in eros vitae tempor\"<\/p>",
                                "_margin": {
                                    "unit": "px",
                                    "top": "0",
                                    "right": "0",
                                    "bottom": "-15",
                                    "left": "0",
                                    "isLinked": false
                                },
                                "_margin_mobile": {
                                    "unit": "px",
                                    "top": "0",
                                    "right": "0",
                                    "bottom": "-15",
                                    "left": "0",
                                    "isLinked": false
                                },
                                "_animation_delay": 400,
                                "align_tablet": "left",
                                "__globals__": {
                                    "typography_typography": "globals\/typography?id=ec93f83",
                                    "text_color": "globals\/colors?id=primary"
                                }
                            },
                            "elements": [],
                            "isInner": false,
                            "widgetType": "text-editor",
                            "elType": "widget"
                        },
                        {
                            "id": "42253a1d",
                            "settings": {
                                "editor": "<p>Proin convallis varius odio, a fermentum erat varius in. Fusce mauris nisi, efficitur vel pharetra a, laoreet et justo. In ex purus, lacinia sit amet cursus ac, pulvinar ut felis. Ut vel ullamcorper enim, consectetur varius orci. Ut eget ante sed nulla dignissim egestas. Curabitur lobortis blandit quam ac tempus. Donec rhoncus, erat sit amet ullamcorper varius, purus arcu commodo erat, eu mollis ante ex ac nisi. Suspendisse eget diam at sem tempor eleifend. Mauris urna metus, ultricies a lorem nec, lacinia gravida ante. Mauris vehicula dui imperdiet metus semper, id mollis risus sollicitudin. Quisque vel nulla in orci bibendum pulvinar quis quis nunc.<\/p>"
                            },
                            "elements": [],
                            "isInner": false,
                            "widgetType": "text-editor",
                            "elType": "widget"
                        },
                        {
                            "id": "65541f1f",
                            "settings": {
                                "structure": "20",
                                "margin": {
                                    "unit": "px",
                                    "top": "0",
                                    "right": 0,
                                    "bottom": "30",
                                    "left": 0,
                                    "isLinked": false
                                }
                            },
                            "elements": [
                                {
                                    "id": "45b36f9",
                                    "settings": {
                                        "_column_size": 50,
                                        "_inline_size": 55,
                                        "_inline_size_tablet": 50,
                                        "content_position": "center",
                                        "background_background": "classic",
                                        "background_image": {
                                            "url": "http:\/\/askproject.net\/foices\/wp-content\/uploads\/sites\/91\/2022\/07\/young-man-is-indoors-in-the-radio-studio-is-busy-b-AW5AL8R.jpg",
                                            "id": 370,
                                            "alt": "",
                                            "source": "library"
                                        },
                                        "background_position": "center center",
                                        "background_size": "cover",
                                        "margin_mobile": {
                                            "unit": "px",
                                            "top": "0",
                                            "right": "0",
                                            "bottom": "20",
                                            "left": "0",
                                            "isLinked": false
                                        },
                                        "padding_mobile": {
                                            "unit": "px",
                                            "top": "120",
                                            "right": "0",
                                            "bottom": "120",
                                            "left": "0",
                                            "isLinked": false
                                        }
                                    },
                                    "elements": [
                                        {
                                            "id": "18be8cc7",
                                            "settings": {
                                                "ekit_video_popup_button_title": "Play Video",
                                                "ekit_video_popup_button_icons": {
                                                    "value": "icon icon-play-button",
                                                    "library": "ekiticons"
                                                },
                                                "ekit_video_popup_video_glow": "",
                                                "ekit_video_popup_url": "https:\/\/www.youtube.com",
                                                "ekit_video_popup_text_padding": {
                                                    "unit": "px",
                                                    "top": "0",
                                                    "right": "0",
                                                    "bottom": "0",
                                                    "left": "3",
                                                    "isLinked": false
                                                },
                                                "ekit_video_popup_icon_size": {
                                                    "unit": "px",
                                                    "size": 21,
                                                    "sizes": []
                                                },
                                                "ekit_video_popup_btn_width": {
                                                    "unit": "px",
                                                    "size": 65,
                                                    "sizes": []
                                                },
                                                "ekit_video_popup_btn_height": {
                                                    "unit": "px",
                                                    "size": 65,
                                                    "sizes": []
                                                },
                                                "ekit_video_popup_btn_line_height": {
                                                    "unit": "px",
                                                    "size": 74,
                                                    "sizes": []
                                                },
                                                "ekit_video_popup_btn_bg_color_background": "classic",
                                                "ekit_video_popup_btn_bg_hover_color_background": "classic",
                                                "ekit_video_popup_btn_bg_hover_color_color": "#FFFFFF",
                                                "_margin": {
                                                    "unit": "px",
                                                    "top": "0",
                                                    "right": "10",
                                                    "bottom": "0",
                                                    "left": "0",
                                                    "isLinked": false
                                                },
                                                "__globals__": {
                                                    "ekit_video_popup_btn_typography_typography": "globals\/typography?id=accent",
                                                    "ekit_video_popup_btn_bg_color_color": "",
                                                    "ekit_video_popup_btn_hover_color": "globals\/colors?id=accent"
                                                },
                                                "_animation": "fadeIn",
                                                "_animation_delay": 700,
                                                "ekit_video_popup_btn_typography_typography": "custom",
                                                "ekit_video_popup_btn_typography_font_family": "Sora",
                                                "ekit_video_popup_btn_typography_font_size": {
                                                    "unit": "px",
                                                    "size": 13,
                                                    "sizes": []
                                                },
                                                "ekit_video_popup_btn_typography_font_size_tablet": {
                                                    "unit": "px",
                                                    "size": 12,
                                                    "sizes": []
                                                },
                                                "ekit_video_popup_btn_typography_font_size_mobile": {
                                                    "unit": "px",
                                                    "size": 12,
                                                    "sizes": []
                                                },
                                                "ekit_video_popup_btn_typography_font_weight": "500",
                                                "ekit_video_popup_btn_typography_text_transform": "uppercase",
                                                "ekit_video_popup_btn_typography_text_decoration": "none",
                                                "ekit_video_popup_btn_bg_color_color": "#3A51CA00",
                                                "ekit_video_popup_btn_hover_color": "#3A51CA",
                                                "ekit_video_popup_btn_border_style": "solid",
                                                "ekit_video_popup_btn_border_dimensions": {
                                                    "unit": "px",
                                                    "top": "1",
                                                    "right": "1",
                                                    "bottom": "1",
                                                    "left": "1",
                                                    "isLinked": true
                                                },
                                                "ekit_video_popup_btn_border_color": "#FFFFFF4D",
                                                "ekit_video_popup_btn_hover_border_color": "#FFFFFF"
                                            },
                                            "elements": [],
                                            "isInner": false,
                                            "widgetType": "elementskit-video",
                                            "elType": "widget"
                                        }
                                    ],
                                    "isInner": true,
                                    "elType": "column"
                                },
                                {
                                    "id": "1477884a",
                                    "settings": {
                                        "_column_size": 50,
                                        "_inline_size": 45,
                                        "_inline_size_tablet": 50,
                                        "padding": {
                                            "unit": "px",
                                            "top": "0",
                                            "right": "0",
                                            "bottom": "0",
                                            "left": "30",
                                            "isLinked": false
                                        },
                                        "padding_mobile": {
                                            "unit": "px",
                                            "top": "0",
                                            "right": "0",
                                            "bottom": "0",
                                            "left": "0",
                                            "isLinked": false
                                        }
                                    },
                                    "elements": [
                                        {
                                            "id": "7fecf87a",
                                            "settings": {
                                                "image": {
                                                    "url": "http:\/\/askproject.net\/foices\/wp-content\/uploads\/sites\/91\/2022\/07\/document-with-scenario-young-man-is-indoors-in-th-NMTP2NJ.jpg",
                                                    "id": 379,
                                                    "alt": "",
                                                    "source": "library"
                                                },
                                                "_margin": {
                                                    "unit": "px",
                                                    "top": "0",
                                                    "right": "0",
                                                    "bottom": "10",
                                                    "left": "0",
                                                    "isLinked": false
                                                },
                                                "_margin_mobile": {
                                                    "unit": "px",
                                                    "top": "0",
                                                    "right": "0",
                                                    "bottom": "0",
                                                    "left": "0",
                                                    "isLinked": false
                                                }
                                            },
                                            "elements": [],
                                            "isInner": false,
                                            "widgetType": "image",
                                            "elType": "widget"
                                        },
                                        {
                                            "id": "ba5231",
                                            "settings": {
                                                "image": {
                                                    "url": "http:\/\/askproject.net\/foices\/wp-content\/uploads\/sites\/91\/2022\/07\/content-creator-touching-microphone-to-test-sound-GYXH5CZ.jpg",
                                                    "id": 377,
                                                    "alt": "",
                                                    "source": "library"
                                                }
                                            },
                                            "elements": [],
                                            "isInner": false,
                                            "widgetType": "image",
                                            "elType": "widget"
                                        }
                                    ],
                                    "isInner": true,
                                    "elType": "column"
                                }
                            ],
                            "isInner": true,
                            "elType": "section"
                        },
                        {
                            "id": "6395d3b3",
                            "settings": {
                                "title": "This is how we work",
                                "header_size": "h3",
                                "__globals__": {
                                    "typography_typography": "globals\/typography?id=887363b"
                                }
                            },
                            "elements": [],
                            "isInner": false,
                            "widgetType": "heading",
                            "elType": "widget"
                        },
                        {
                            "id": "55e18eb8",
                            "settings": {
                                "editor": "<p>Duis lorem mauris, porttitor nec arcu rutrum, congue hendrerit dui. Nam tempus risus urna, sit amet pretium arcu commodo nec. Maecenas id efficitur eros, eu fringilla turpis. Cras congue tortor nec rutrum viverra. Suspendisse potenti. Nam quis eros dignissim, ullamcorper felis id, convallis tellus. Vestibulum hendrerit nulla non gravida accumsan. Sed hendrerit lectus tellus, ac dictum elit iaculis eu. Nam pretium felis at mauris semper, sed gravida risus volutpat.<\/p>",
                                "_margin": {
                                    "unit": "px",
                                    "top": "0",
                                    "right": "0",
                                    "bottom": "-15",
                                    "left": "0",
                                    "isLinked": false
                                }
                            },
                            "elements": [],
                            "isInner": false,
                            "widgetType": "text-editor",
                            "elType": "widget"
                        },
                        {
                            "id": "2200ae7a",
                            "settings": {
                                "icon_list": [
                                    {
                                        "text": "Aenean elit massa, pharetra eu lectus in, accumsan molestie mi.",
                                        "selected_icon": {
                                            "value": "icon icon-check",
                                            "library": "ekiticons"
                                        },
                                        "_id": "27faebc"
                                    },
                                    {
                                        "text": "Mauris rhoncus eget mauris id commodo.",
                                        "selected_icon": {
                                            "value": "icon icon-check",
                                            "library": "ekiticons"
                                        },
                                        "_id": "b50497a"
                                    },
                                    {
                                        "text": "Fusce ut turpis porta, cursus est non, pulvinar sem. Praesent euismod.",
                                        "selected_icon": {
                                            "value": "icon icon-check",
                                            "library": "ekiticons"
                                        },
                                        "_id": "62ea391"
                                    },
                                    {
                                        "text": "Pellentesque efficitur nisl nec hendrerit ullamcorper. Donec placerat.",
                                        "selected_icon": {
                                            "value": "icon icon-check",
                                            "library": "ekiticons"
                                        },
                                        "_id": "17f501a"
                                    }
                                ],
                                "space_between": {
                                    "unit": "px",
                                    "size": 5,
                                    "sizes": []
                                },
                                "text_indent": {
                                    "unit": "px",
                                    "size": 10,
                                    "sizes": []
                                },
                                "__globals__": {
                                    "text_color": "globals\/colors?id=text",
                                    "icon_color": "globals\/colors?id=accent"
                                },
                                "icon_align_mobile": "left",
                                "_margin": {
                                    "unit": "px",
                                    "top": "0",
                                    "right": "0",
                                    "bottom": "20",
                                    "left": "0",
                                    "isLinked": false
                                }
                            },
                            "elements": [],
                            "isInner": false,
                            "widgetType": "icon-list",
                            "elType": "widget"
                        },
                        {
                            "id": "4a28d48a",
                            "settings": {
                                "carousel": [
                                    {
                                        "id": 375,
                                        "url": "http:\/\/askproject.net\/foices\/wp-content\/uploads\/sites\/91\/2022\/07\/beautiful-female-musician-in-headphones-sensually-P5HDRTM.jpg"
                                    },
                                    {
                                        "id": 374,
                                        "url": "http:\/\/askproject.net\/foices\/wp-content\/uploads\/sites\/91\/2022\/07\/young-attractive-male-singer-in-headphones-joyfull-PGDEZ8B.jpg"
                                    },
                                    {
                                        "id": 372,
                                        "url": "http:\/\/askproject.net\/foices\/wp-content\/uploads\/sites\/91\/2022\/07\/image-of-nice-young-smiling-woman-using-smartphone-Q3F9J7F.jpg"
                                    }
                                ],
                                "thumbnail_size": "large",
                                "slides_to_show": "2",
                                "slides_to_show_tablet": "2",
                                "slides_to_scroll": "1",
                                "navigation": "arrows",
                                "arrows_size": {
                                    "unit": "px",
                                    "size": 20,
                                    "sizes": []
                                },
                                "image_spacing": "custom",
                                "__globals__": {
                                    "arrows_color": "globals\/colors?id=secondary"
                                },
                                "_margin_mobile": {
                                    "unit": "px",
                                    "top": "0",
                                    "right": "0",
                                    "bottom": "-5",
                                    "left": "0",
                                    "isLinked": false
                                },
                                "_margin": {
                                    "unit": "px",
                                    "top": "0",
                                    "right": "0",
                                    "bottom": "10",
                                    "left": "0",
                                    "isLinked": false
                                }
                            },
                            "elements": [],
                            "isInner": false,
                            "widgetType": "image-carousel",
                            "elType": "widget"
                        },
                        {
                            "id": "1b5f72a3",
                            "settings": {
                                "title": "Frequently Asked Questions",
                                "header_size": "h3",
                                "__globals__": {
                                    "typography_typography": "globals\/typography?id=887363b"
                                }
                            },
                            "elements": [],
                            "isInner": false,
                            "widgetType": "heading",
                            "elType": "widget"
                        },
                        {
                            "id": "13416419",
                            "settings": {
                                "editor": "<p>Lorem ipsum dolor sit amet, consectetur adipi scing elit. Ut elit tellus, luctus nec ullamcorper mattis, pulvinar dapibus leo. Vestibulum massa ipsum, mollis sit amet lorem ut.<\/p>"
                            },
                            "elements": [],
                            "isInner": false,
                            "widgetType": "text-editor",
                            "elType": "widget"
                        },
                        {
                            "id": "1e6e07f2",
                            "settings": {
                                "ekit_accordion_items": [
                                    {
                                        "acc_title": "How do I get a quotation for my project?",
                                        "acc_content": "<p>Lorem ipsum dolor sit amet, consectetur adipiscing elit. Donec mi erat, pulvinar nec elementum non, lacinia lacinia lectus. Integer id purus imperdiet, tincidunt turpis in, ornare metus.<\/p>",
                                        "ekit_acc_is_active": "yes",
                                        "_id": "da96db0"
                                    },
                                    {
                                        "acc_title": "How long does it take to work on one project?",
                                        "acc_content": "<p>Lorem ipsum dolor sit amet, consectetur adipiscing elit. Donec mi erat, pulvinar nec elementum non, lacinia lacinia lectus. Integer id purus imperdiet, tincidunt turpis in, ornare metus.<\/p>",
                                        "_id": "5f425e5"
                                    },
                                    {
                                        "acc_title": "What is the average cost for one project?",
                                        "acc_content": "<p>Lorem ipsum dolor sit amet, consectetur adipiscing elit. Donec mi erat, pulvinar nec elementum non, lacinia lacinia lectus. Integer id purus imperdiet, tincidunt turpis in, ornare metus.<\/p>",
                                        "_id": "d07d5ea"
                                    },
                                    {
                                        "acc_title": "How many people are on your team?",
                                        "acc_content": "<p>Lorem ipsum dolor sit amet, consectetur adipiscing elit. Donec mi erat, pulvinar nec elementum non, lacinia lacinia lectus. Integer id purus imperdiet, tincidunt turpis in, ornare metus.<\/p>",
                                        "_id": "93bf623"
                                    }
                                ],
                                "ekit_accordion_right_icon_actives": {
                                    "value": "icon icon-left-arrows",
                                    "library": "ekiticons"
                                },
                                "ekit_accordion_background_background": "classic",
                                "ekit_accordion_background_color": "#02010100",
                                "ekit_accordion_border_radious_curve_shape_open": {
                                    "unit": "px",
                                    "top": "0",
                                    "right": "0",
                                    "bottom": "0",
                                    "left": "0",
                                    "isLinked": false
                                },
                                "ekit_accordion_background_close_background": "classic",
                                "ekit_accordion_background_close_color": "#02010100",
                                "ekit_accordion_title_padding": {
                                    "unit": "px",
                                    "top": "12",
                                    "right": "50",
                                    "bottom": "18",
                                    "left": "0",
                                    "isLinked": false
                                },
                                "ekit_accordion_content_border_radious": {
                                    "unit": "px",
                                    "top": "0",
                                    "right": "0",
                                    "bottom": "0",
                                    "left": "0",
                                    "isLinked": false
                                },
                                "ekit_accordion_content_padding": {
                                    "unit": "px",
                                    "top": "0",
                                    "right": "50",
                                    "bottom": "30",
                                    "left": "0",
                                    "isLinked": false
                                },
                                "ekit_accordion_border_open_border": "solid",
                                "ekit_accordion_border_open_width": {
                                    "unit": "px",
                                    "top": "0",
                                    "right": "0",
                                    "bottom": "1",
                                    "left": "0",
                                    "isLinked": false
                                },
                                "ekit_accordion_border_open_color": "#00000012",
                                "ekit_accordion_section_icon_margin": {
                                    "unit": "px",
                                    "top": "0",
                                    "right": "0",
                                    "bottom": "0",
                                    "left": "0",
                                    "isLinked": false
                                },
                                "_margin": {
                                    "unit": "px",
                                    "top": "-10",
                                    "right": "0",
                                    "bottom": "0",
                                    "left": "0",
                                    "isLinked": false
                                },
                                "_animation": "fadeIn",
                                "_animation_delay": 400,
                                "__globals__": {
                                    "ekit_accordion_title_typography_typography": "globals\/typography?id=0d5e945",
                                    "ekit_accordion_title_color": "globals\/colors?id=primary",
                                    "ekit_accordion_title_color_close": "globals\/colors?id=primary",
                                    "ekit_accordion_content_typography_typography": "globals\/typography?id=text",
                                    "ekit_accordion_content_color": "globals\/colors?id=text",
                                    "ekit_accordion_icon_color_close": "globals\/colors?id=accent",
                                    "ekit_accordion_icon_color": "globals\/colors?id=accent"
                                },
                                "ekit_accordion_icon_color_close": "#3A51CA",
                                "ekit_accordion_icon_color": "#3A51CA"
                            },
                            "elements": [],
                            "isInner": false,
                            "widgetType": "elementskit-accordion",
                            "elType": "widget"
                        }
                    ],
                    "isInner": false,
                    "elType": "column"
                },
                {
                    "id": "4ed71feb",
                    "settings": {
                        "_column_size": 50,
                        "_inline_size": 30,
                        "_inline_size_tablet": 100,
                        "padding": {
                            "unit": "px",
                            "top": "0",
                            "right": "0",
                            "bottom": "0",
                            "left": "0",
                            "isLinked": false
                        }
                    },
                    "elements": [
                        {
                            "id": "150786d6",
                            "settings": {
                                "margin": {
                                    "unit": "px",
                                    "top": "0",
                                    "right": 0,
                                    "bottom": "30",
                                    "left": 0,
                                    "isLinked": false
                                },
                                "__globals__": {
                                    "background_color": "globals\/colors?id=accent"
                                },
                                "background_background": "classic",
                                "margin_tablet": {
                                    "unit": "px",
                                    "top": "0",
                                    "right": 0,
                                    "bottom": "30",
                                    "left": 0,
                                    "isLinked": false
                                },
                                "margin_mobile": {
                                    "unit": "px",
                                    "top": "0",
                                    "right": 0,
                                    "bottom": "20",
                                    "left": 0,
                                    "isLinked": false
                                },
                                "padding": {
                                    "unit": "px",
                                    "top": "40",
                                    "right": "40",
                                    "bottom": "40",
                                    "left": "40",
                                    "isLinked": true
                                },
                                "background_image": {
                                    "url": "http:\/\/askproject.net\/foices\/wp-content\/uploads\/sites\/91\/2022\/07\/bg_33.png",
                                    "id": 232,
                                    "alt": "",
                                    "source": "library"
                                },
                                "background_position": "bottom right",
                                "background_size": "cover"
                            },
                            "elements": [
                                {
                                    "id": "62fa159c",
                                    "settings": {
                                        "_column_size": 100,
                                        "_inline_size": null,
                                        "padding": {
                                            "unit": "px",
                                            "top": "0",
                                            "right": "0",
                                            "bottom": "0",
                                            "left": "0",
                                            "isLinked": false
                                        }
                                    },
                                    "elements": [
                                        {
                                            "id": "f02b36",
                                            "settings": {
                                                "title": "Service Include",
                                                "header_size": "h4",
                                                "__globals__": {
                                                    "typography_typography": "globals\/typography?id=887363b",
                                                    "title_color": ""
                                                },
                                                "_margin": {
                                                    "unit": "px",
                                                    "top": "0",
                                                    "right": "0",
                                                    "bottom": "-10",
                                                    "left": "0",
                                                    "isLinked": false
                                                },
                                                "title_color": "#FFFFFF"
                                            },
                                            "elements": [],
                                            "isInner": false,
                                            "widgetType": "heading",
                                            "elType": "widget"
                                        },
                                        {
                                            "id": "571fed2d",
                                            "settings": {
                                                "editor": "<p>Nam velit est, luctus vel porttitor vitae, facilisis quis odio. Mauris ultrices.<\/p>",
                                                "_margin": {
                                                    "unit": "px",
                                                    "top": "0",
                                                    "right": "0",
                                                    "bottom": "-20",
                                                    "left": "0",
                                                    "isLinked": false
                                                },
                                                "text_color": "#F4F4F4"
                                            },
                                            "elements": [],
                                            "isInner": false,
                                            "widgetType": "text-editor",
                                            "elType": "widget"
                                        },
                                        {
                                            "id": "140edb7",
                                            "settings": {
                                                "icon_list": [
                                                    {
                                                        "text": "Consultations",
                                                        "selected_icon": {
                                                            "value": "icon icon-check",
                                                            "library": "ekiticons"
                                                        },
                                                        "_id": "27faebc"
                                                    },
                                                    {
                                                        "text": "Audio Recording",
                                                        "selected_icon": {
                                                            "value": "icon icon-check",
                                                            "library": "ekiticons"
                                                        },
                                                        "_id": "b50497a"
                                                    },
                                                    {
                                                        "text": "10x Revisions",
                                                        "selected_icon": {
                                                            "value": "icon icon-tick",
                                                            "library": "ekiticons"
                                                        },
                                                        "_id": "62ea391"
                                                    },
                                                    {
                                                        "text": "24\/7 Full Support",
                                                        "selected_icon": {
                                                            "value": "icon icon-tick",
                                                            "library": "ekiticons"
                                                        },
                                                        "_id": "17f501a"
                                                    }
                                                ],
                                                "space_between": {
                                                    "unit": "px",
                                                    "size": 5,
                                                    "sizes": []
                                                },
                                                "text_indent": {
                                                    "unit": "px",
                                                    "size": 10,
                                                    "sizes": []
                                                },
                                                "__globals__": {
                                                    "text_color": "",
                                                    "icon_color": ""
                                                },
                                                "icon_align_mobile": "left",
                                                "icon_color": "#FFFFFF",
                                                "text_color": "#F4F4F4"
                                            },
                                            "elements": [],
                                            "isInner": false,
                                            "widgetType": "icon-list",
                                            "elType": "widget"
                                        }
                                    ],
                                    "isInner": true,
                                    "elType": "column"
                                }
                            ],
                            "isInner": true,
                            "elType": "section"
                        },
                        {
                            "id": "4b0081ef",
                            "settings": {
                                "__globals__": {
                                    "background_color": "globals\/colors?id=accent",
                                    "background_overlay_color": "globals\/colors?id=primary"
                                },
                                "margin": {
                                    "unit": "px",
                                    "top": "0",
                                    "right": 0,
                                    "bottom": "0",
                                    "left": 0,
                                    "isLinked": false
                                },
                                "margin_mobile": {
                                    "unit": "px",
                                    "top": "0",
                                    "right": 0,
                                    "bottom": "0",
                                    "left": 0,
                                    "isLinked": false
                                },
                                "background_background": "classic",
                                "background_image": {
                                    "url": "http:\/\/askproject.net\/foices\/wp-content\/uploads\/sites\/91\/2022\/07\/young-attractive-male-singer-in-headphones-joyfull-PGDEZ8B.jpg",
                                    "id": 374,
                                    "alt": "",
                                    "source": "library"
                                },
                                "background_position": "bottom right",
                                "background_size": "cover",
                                "background_overlay_background": "classic",
                                "background_overlay_opacity": {
                                    "unit": "px",
                                    "size": 0.6,
                                    "sizes": []
                                },
                                "padding": {
                                    "unit": "px",
                                    "top": "40",
                                    "right": "40",
                                    "bottom": "40",
                                    "left": "40",
                                    "isLinked": true
                                },
                                "background_overlay_image": {
                                    "url": "http:\/\/askproject.net\/foices\/wp-content\/uploads\/sites\/91\/2022\/07\/bg_33.png",
                                    "id": 232,
                                    "alt": "",
                                    "source": "library"
                                },
                                "background_overlay_position": "bottom right",
                                "background_overlay_size": "cover"
                            },
                            "elements": [
                                {
                                    "id": "130be147",
                                    "settings": {
                                        "_column_size": 100,
                                        "_inline_size": null,
                                        "padding": {
                                            "unit": "px",
                                            "top": "0",
                                            "right": "0",
                                            "bottom": "0",
                                            "left": "0",
                                            "isLinked": false
                                        }
                                    },
                                    "elements": [
                                        {
                                            "id": "25e16510",
                                            "settings": {
                                                "title": "Have a Question?",
                                                "header_size": "h4",
                                                "__globals__": {
                                                    "typography_typography": "globals\/typography?id=887363b",
                                                    "title_color": ""
                                                },
                                                "title_color": "#FFFFFF",
                                                "_margin": {
                                                    "unit": "px",
                                                    "top": "0",
                                                    "right": "0",
                                                    "bottom": "-10",
                                                    "left": "0",
                                                    "isLinked": false
                                                }
                                            },
                                            "elements": [],
                                            "isInner": false,
                                            "widgetType": "heading",
                                            "elType": "widget"
                                        },
                                        {
                                            "id": "2ec9b731",
                                            "settings": {
                                                "editor": "<p>Sed nec enim tempor, luctus nisi quis, cursus erat. Vestibulum mi purus, fermentum.<\/p>",
                                                "_margin": {
                                                    "unit": "px",
                                                    "top": "0",
                                                    "right": "0",
                                                    "bottom": "-20",
                                                    "left": "0",
                                                    "isLinked": false
                                                },
                                                "__globals__": {
                                                    "text_color": ""
                                                },
                                                "text_color": "#C4C4C4"
                                            },
                                            "elements": [],
                                            "isInner": false,
                                            "widgetType": "text-editor",
                                            "elType": "widget"
                                        },
                                        {
                                            "id": "4d6bd394",
                                            "settings": {
                                                "text": "Contact Us",
                                                "align": "left",
                                                "icon_indent": {
                                                    "unit": "px",
                                                    "size": 0,
                                                    "sizes": []
                                                },
                                                "button_text_color": "#FFFFFF",
                                                "background_color": "#3A51CA",
                                                "hover_color": "#FFFFFF",
                                                "button_background_hover_color": "#141414",
                                                "border_border": "solid",
                                                "border_width": {
                                                    "unit": "px",
                                                    "top": "0",
                                                    "right": "0",
                                                    "bottom": "0",
                                                    "left": "0",
                                                    "isLinked": true
                                                },
                                                "border_color": "#FFFFFF",
                                                "border_radius": {
                                                    "unit": "px",
                                                    "top": "0",
                                                    "right": "0",
                                                    "bottom": "0",
                                                    "left": "0",
                                                    "isLinked": false
                                                },
                                                "text_padding": {
                                                    "unit": "px",
                                                    "top": "15",
                                                    "right": "30",
                                                    "bottom": "15",
                                                    "left": "30",
                                                    "isLinked": false
                                                },
                                                "_padding_tablet": {
                                                    "unit": "px",
                                                    "top": "0",
                                                    "right": "0",
                                                    "bottom": "0",
                                                    "left": "0",
                                                    "isLinked": false
                                                },
                                                "__globals__": {
                                                    "typography_typography": "globals\/typography?id=accent",
                                                    "hover_color": "",
                                                    "button_text_color": "",
                                                    "background_color": "globals\/colors?id=accent",
                                                    "button_background_hover_color": "globals\/colors?id=primary",
                                                    "border_color": "",
                                                    "button_hover_border_color": ""
                                                },
                                                "_animation": "fadeIn",
                                                "_animation_delay": 600,
                                                "align_mobile": "center"
                                            },
                                            "elements": [],
                                            "isInner": false,
                                            "widgetType": "button",
                                            "elType": "widget"
                                        }
                                    ],
                                    "isInner": true,
                                    "elType": "column"
                                }
                            ],
                            "isInner": true,
                            "elType": "section"
                        }
                    ],
                    "isInner": false,
                    "elType": "column"
                }
            ],
            "isInner": false,
            "elType": "section"
        }
    ],
    "page_settings": {
        "hide_title": "yes",
        "template": "elementor_header_footer"
    }
}